<?xml version="1.0" encoding="UTF-8"?>
<!DOCTYPE suite SYSTEM "https://testng.org/testng-1.0.dtd">
<suite name="Suite">
  <test thread-count="5" name="Test" parallel="classes">
    <classes>
      <class name="tests.DeleteUserTest"/>
      <class name="tests.DeleteTeamFromListTest"/>
      <class name="tests.SearchArchiveTest"/>
      <class name="tests.LoginTest"/>
      <class name="tests.AddNewTeamTest"/>
      <class name="tests.AddArchiveTest"/>
      <class name="tests.SignOutTest"/>
      <class name="tests.AddNewPlanTest"/>
      <class name="tests.ForgetPasswordTest"/>
      <class name="tests.AddUserTest"/>
      <class name="tests.DeletePlanFromList"/>
      <class name="tests.DeleteTaskFromTeamTest"/>
      <class name="tests.UnarchiveTest"/>
      <class name="tests.AddSameTeamTest"/>
      <class name="tests.SignUpTest"/>
      <class name="tests.SwapStatusTeamTest"/>
      <class name="tests.AddTaskPlanTest"/>
      <class name="tests.AddTaskTeamTest"/>
      <class name="tests.SearchTest"/>
    </classes>
  </test> <!-- Test -->
</suite> <!-- Suite -->
