<?xml version="1.0" encoding="UTF-8"?>
<!DOCTYPE suite SYSTEM "https://testng.org/testng-1.0.dtd">
<suite name="Suite">
  <test thread-count="5" name="Test">
    <classes>
      <class name="tests.DeleteUserTest"/>
      <class name="tests.DeleteTeamFromListTest"/>
      <class name="tests.LoginTest"/>
      <class name="tests.AddNewTeamTest"/>
      <class name="tests.AddNewPlanTest"/>
      <class name="tests.AddUserTest"/>
      <class name="tests.DeletePlanFromList"/>
      <class name="tests.DeleteTaskFromTeamTest"/>
      <class name="tests.AddTaskPlanTest"/>
      <class name="tests.AddTaskTeamTest"/>
      <class name="tests.SearchTest"/>
    </classes>
  </test> <!-- Test -->
</suite> <!-- Suite -->
